Model,Accuracy,Precision,Recall,F1-score
SVM,0.5714285714285714,0.32653061224489793,0.5714285714285714,0.4155844155844156
KNN,0.7142857142857143,0.6666666666666666,0.7142857142857143,0.6476190476190476
Decision_Tree,0.42857142857142855,0.34285714285714286,0.42857142857142855,0.38095238095238093
