Model,Accuracy,Precision,Recall,F1-score
SVM,0.5714285714285714,0.32653061224489793,0.5714285714285714,0.4155844155844156
KNN,0.8571428571428571,0.7428571428571429,0.8571428571428571,0.7936507936507936
Decision_Tree,0.8571428571428571,0.7428571428571429,0.8571428571428571,0.7936507936507936
